Year,Race,No,Driver,Car,Pos (race),Laps (race),Time/Retired,Points,Pos (qualifying),Q1,Q2,Q3,Pos (FP1),Time (FP1),Gap (FP1),Laps (FP1),Pos (FP2),Time (FP2),Gap (FP2),Laps (FP2),Pos (FP3),Time (FP3),Gap (FP3),Laps (FP3),Pos (Sprint),Laps (Sprint),Time/Retired (Sprint),Points (Sprint),Pos (Sprint Quali),SQ1,SQ2,SQ3,Laps (Sprint Quali),AvgAirTemp,AvgHumidity,AvgPressure,TotalRainfall,AvgTrackTemp,AvgWindDirection,AvgWindSpeed
2023,Great Britain,1,Max Verstappen VER,Red Bull Racing Honda RBPT,1,52,1:25:16.938,26,1,1:29.428,1:27.702,1:26.720,1,1:28.600,,26,1.0,1:28.078,,27.0,8,1:28.266,+0.847s,19,,,,,,,,,,21.47,56.19,1001.23,0,30.94,205.4,3.02
2023,Great Britain,4,Lando Norris NOR,McLaren Mercedes,2,52,+3.798s,18,2,1:28.917,1:28.042,1:26.961,8,1:29.441,+0.841s,25,14.0,1:29.260,+1.182s,24.0,12,1:28.563,+1.144s,18,,,,,,,,,,21.47,56.19,1001.23,0,30.94,205.4,3.02
2023,Great Britain,44,Lewis Hamilton HAM,Mercedes,3,52,+6.783s,15,7,1:29.415,1:28.545,1:27.211,12,1:29.768,+1.168s,23,15.0,1:29.283,+1.205s,24.0,5,1:27.948,+0.529s,16,,,,,,,,,,21.47,56.19,1001.23,0,30.94,205.4,3.02
2023,Great Britain,81,Oscar Piastri PIA,McLaren Mercedes,4,52,+7.776s,12,3,1:29.874,1:27.845,1:27.092,10,1:29.658,+1.058s,16,9.0,1:28.926,+0.848s,29.0,17,1:29.437,+2.018s,20,,,,,,,,,,21.47,56.19,1001.23,0,30.94,205.4,3.02
2023,Great Britain,63,George Russell RUS,Mercedes,5,52,+11.206s,10,6,1:29.412,1:28.782,1:27.155,14,1:29.874,+1.274s,28,12.0,1:29.238,+1.160s,25.0,9,1:28.284,+0.865s,17,,,,,,,,,,21.47,56.19,1001.23,0,30.94,205.4,3.02
2023,Great Britain,11,Sergio Perez PER,Red Bull Racing Honda RBPT,6,52,+12.882s,8,15,1:29.968,,,2,1:29.048,+0.448s,22,4.0,1:28.342,+0.264s,30.0,14,1:28.904,+1.485s,19,,,,,,,,,,21.47,56.19,1001.23,0,30.94,205.4,3.02
2023,Great Britain,14,Fernando Alonso ALO,Aston Martin Aramco Mercedes,7,52,+17.193s,6,9,1:29.949,1:28.368,1:27.659,4,1:29.268,+0.668s,21,10.0,1:29.134,+1.056s,26.0,3,1:27.784,+0.365s,17,,,,,,,,,,21.47,56.19,1001.23,0,30.94,205.4,3.02
2023,Great Britain,23,Alexander Albon ALB,Williams Mercedes,8,52,+17.878s,4,8,1:29.466,1:28.067,1:27.530,3,1:29.089,+0.489s,22,3.0,1:28.296,+0.218s,30.0,2,1:27.592,+0.173s,14,,,,,,,,,,21.47,56.19,1001.23,0,30.94,205.4,3.02
2023,Great Britain,16,Charles Leclerc LEC,Ferrari,9,52,+18.689s,2,4,1:29.143,1:28.361,1:27.136,5,1:29.280,+0.680s,25,,,,,1,1:27.419,,24,,,,,,,,,,21.47,56.19,1001.23,0,30.94,205.4,3.02
2023,Great Britain,55,Carlos Sainz SAI,Ferrari,10,52,+19.448s,1,5,1:29.865,1:28.265,1:27.148,7,1:29.357,+0.757s,25,2.0,1:28.100,+0.022s,29.0,6,1:27.964,+0.545s,21,,,,,,,,,,21.47,56.19,1001.23,0,30.94,205.4,3.02
2023,Great Britain,2,Logan Sargeant SAR,Williams Mercedes,11,52,+23.632s,0,14,1:29.873,1:29.031,,17,1:30.124,+1.524s,24,5.0,1:28.766,+0.688s,29.0,7,1:28.151,+0.732s,16,,,,,,,,,,21.47,56.19,1001.23,0,30.94,205.4,3.02
2023,Great Britain,77,Valtteri Bottas BOT,Alfa Romeo Ferrari,12,52,+25.830s,0,NC,1:29.798,,,15,1:30.090,+1.490s,22,16.0,1:29.378,+1.300s,28.0,18,1:29.586,+2.167s,15,,,,,,,,,,21.47,56.19,1001.23,0,30.94,205.4,3.02
2023,Great Britain,27,Nico Hulkenberg HUL,Haas Ferrari,13,52,+26.663s,0,11,1:29.603,1:28.896,,20,1:30.591,+1.991s,22,7.0,1:28.880,+0.802s,28.0,19,1:33.590,+6.171s,13,,,,,,,,,,21.47,56.19,1001.23,0,30.94,205.4,3.02
2023,Great Britain,18,Lance Stroll STR,Aston Martin Aramco Mercedes,14,52,+27.483s,0,12,1:29.448,1:28.935,,9,1:29.471,+0.871s,26,6.0,1:28.866,+0.788s,30.0,13,1:28.620,+1.201s,15,,,,,,,,,,21.47,56.19,1001.23,0,30.94,205.4,3.02
2023,Great Britain,24,Zhou Guanyu ZHO,Alfa Romeo Ferrari,15,52,+29.820s,0,17,1:30.123,,,18,1:30.321,+1.721s,20,11.0,1:29.225,+1.147s,28.0,20,,,2,,,,,,,,,,21.47,56.19,1001.23,0,30.94,205.4,3.02
2023,Great Britain,22,Yuki Tsunoda TSU,AlphaTauri Honda RBPT,16,52,+31.225s,0,16,1:30.025,,,16,1:30.092,+1.492s,28,18.0,1:29.483,+1.405s,25.0,10,1:28.337,+0.918s,21,,,,,,,,,,21.47,56.19,1001.23,0,30.94,205.4,3.02
2023,Great Britain,21,Nyck De Vries DEV,AlphaTauri Honda RBPT,17,52,+33.128s,0,18,1:30.513,,,11,1:29.691,+1.091s,26,19.0,1:29.571,+1.493s,29.0,11,1:28.504,+1.085s,20,,,,,,,,,,21.47,56.19,1001.23,0,30.94,205.4,3.02
2023,Great Britain,10,Pierre Gasly GAS,Alpine Renault,18,46,DNF,0,10,1:29.533,1:28.751,1:27.689,13,1:29.828,+1.228s,24,8.0,1:28.889,+0.811s,27.0,4,1:27.893,+0.474s,19,,,,,,,,,,21.47,56.19,1001.23,0,30.94,205.4,3.02
2023,Great Britain,20,Kevin Magnussen MAG,Haas Ferrari,NC,31,DNF,0,19,1:32.378,,,19,1:30.385,+1.785s,21,17.0,1:29.439,+1.361s,20.0,15,1:29.207,+1.788s,13,,,,,,,,,,21.47,56.19,1001.23,0,30.94,205.4,3.02
2023,Great Britain,31,Esteban Ocon OCO,Alpine Renault,NC,9,DNF,0,13,1:29.700,1:28.956,,6,1:29.319,+0.719s,23,13.0,1:29.242,+1.164s,24.0,16,1:29.233,+1.814s,22,,,,,,,,,,21.47,56.19,1001.23,0,30.94,205.4,3.02
